year_code,element_name,item_name,total_value
2003,Yield,"Almonds, in shell",35325
2003,Yield,Apples,253215
2003,Yield,Apricots,132242
2003,Yield,Artichokes,157113
2003,Yield,Asparagus,35616
2003,Yield,Avocados,78207
2003,Yield,Bananas,187747
2003,Yield,Barley,31673
2003,Yield,"Beans, dry",18717
2003,Yield,Blueberries,50511
2003,Yield,Buckwheat,10068
2003,Yield,Cabbages,237126
2003,Yield,Cantaloupes and other melons,280756
2003,Yield,Carrots and turnips,408618
2003,Yield,Cauliflowers and broccoli,170924
2003,Yield,Cherries,54648
2003,Yield,"Chick peas, dry",11290
2003,Yield,"Chillies and peppers, green (Capsicum spp. and Pimenta spp.)",278314
2003,Yield,"Coffee, green",15732
2003,Yield,"Cow peas, dry",17518
2003,Yield,Cranberries,176629
2003,Yield,Cucumbers and gherkins,153042
2003,Yield,Dates,77182
2003,Yield,Eggplants (aubergines),311848
2003,Yield,Figs,83630
2003,Yield,"Ginger, raw",418769
2003,Yield,Grapes,152971
2003,Yield,Green corn (maize),168153
2003,Yield,Green garlic,199922
2003,Yield,"Groundnuts, excluding shelled",35404
2003,Yield,"Hazelnuts, in shell",30342
2003,Yield,"Hen eggs in shell, fresh",153339
2003,Yield,Hop cones,21333
2003,Yield/Carcass Weight,"Horse meat, fresh or chilled",2500
2003,Yield,Kiwi fruit,119561
2003,Yield,Lemons and limes,372160
2003,Yield,"Lentils, dry",11549
2003,Yield,Lettuce and chicory,366719
2003,Yield,Linseed,11225
2003,Yield,Maize (corn),89246
2003,Yield,"Mangoes, guavas and mangosteens",43333
2003,Yield/Carcass Weight,"Meat of cattle with the bone, fresh or chilled",3362
2003,Yield/Carcass Weight,"Meat of chickens, fresh or chilled",17368
2003,Yield/Carcass Weight,"Meat of ducks, fresh or chilled",22213
2003,Yield/Carcass Weight,"Meat of goat, fresh or chilled",147
2003,Yield/Carcass Weight,"Meat of pig with the bone, fresh or chilled",896
2003,Yield/Carcass Weight,"Meat of sheep, fresh or chilled",302
2003,Yield/Carcass Weight,"Meat of turkeys, fresh or chilled",95711
2003,Yield,Millet,10350
2003,Yield,Mustard seed,8105
2003,Yield,Oats,23327
2003,Yield,Okra,71163
2003,Yield,Olives,73473
2003,Yield,"Onions and shallots, dry (excluding dehydrated)",495115
2003,Yield,Oranges,326896
2003,Yield,"Other beans, green",58921
2003,Yield,Other berries and fruits of the genus vaccinium n.e.c.,70523
2003,Yield,"Other citrus fruit, n.e.c.",350000
2003,Yield,"Other fruits, n.e.c.",144112
2003,Yield,"Other nuts (excluding wild edible nuts and groundnuts), in shell, n.e.c.",26215
2003,Yield,"Other vegetables, fresh n.e.c.",784830
2003,Yield,Papayas,305261
2003,Yield,Peaches and nectarines,182040
2003,Yield,Pears,324456
2003,Yield,"Peas, dry",17749
2003,Yield,"Peas, green",112919
2003,Yield,Pineapples,420318
2003,Yield,"Pistachios, in shell",15159
2003,Yield,Plums and sloes,157885
2003,Yield,Pomelos and grapefruits,359894
2003,Yield,Potatoes,410985
2003,Yield,"Pumpkins, squash and gourds",196096
2003,Yield,Rape or colza seed,15865
2003,Yield,Raspberries,100212
2003,Yield,Raw hides and skins of cattle,307
2003,Yield,Raw hides and skins of goats or kids,28
2003,Yield,Raw hides and skins of sheep or lambs,32
2003,Yield,Raw milk of cattle,85088
2003,Yield,Raw milk of goats,996
2003,Yield,Rice,74759
2003,Yield,Rye,16988
2003,Yield,Safflower seed,14458
2003,Yield,"Seed cotton, unginned",20628
2003,Yield,Sorghum,33099
2003,Yield,Sour cherries,68640
2003,Yield,Soya beans,22769
2003,Yield,Spinach,180750
2003,Yield,Strawberries,499283
2003,Yield,String beans,86360
2003,Yield,Sugar beet,563031
2003,Yield,Sugar cane,843132
2003,Yield,Sunflower seed,13597
2003,Yield,Sweet potatoes,192348
2003,Yield,"Tangerines, mandarins, clementines",233962
2003,Yield,Taro,133529
2003,Yield,Tomatoes,682474
2003,Yield,Unmanufactured tobacco,21879
2003,Yield,"Walnuts, in shell",34309
2003,Yield,Watermelons,286557
2003,Yield,Wheat,29712
2004,Yield,"Almonds, in shell",34074
2004,Yield,Apples,305621
2004,Yield,Apricots,152752
2004,Yield,Artichokes,123092
2004,Yield,Asparagus,37581
2004,Yield,Avocados,58564
2004,Yield,Bananas,185926
2004,Yield,Barley,37429
2004,Yield,"Beans, dry",16404
2004,Yield,Blueberries,57218
2004,Yield,"Broad beans and horse beans, green",55504
2004,Yield,Buckwheat,10079
2004,Yield,Cabbages,370543
2004,Yield,Cantaloupes and other melons,279022
2004,Yield,Carrots and turnips,412288
2004,Yield,Cauliflowers and broccoli,172052
2004,Yield,Cherries,81076
2004,Yield,"Chick peas, dry",15314
2004,Yield,"Chillies and peppers, green (Capsicum spp. and Pimenta spp.)",291076
2004,Yield,"Coffee, green",10822
2004,Yield,"Cow peas, dry",17544
2004,Yield,Cranberries,177465
2004,Yield,Cucumbers and gherkins,152224
2004,Yield,Dates,70099
2004,Yield,Eggplants (aubergines),323372
2004,Yield,Figs,89492
2004,Yield,"Ginger, raw",446230
2004,Yield,Grapes,149911
2004,Yield,Green corn (maize),162157
2004,Yield,Green garlic,185270
2004,Yield,"Groundnuts, excluding shelled",34479
2004,Yield,"Hazelnuts, in shell",29600
2004,Yield,"Hen eggs in shell, fresh",154556
2004,Yield,Hop cones,22303
2004,Yield/Carcass Weight,"Horse meat, fresh or chilled",2501
2004,Yield,Kiwi fruit,133015
2004,Yield,Lemons and limes,299146
2004,Yield,"Lentils, dry",14247
2004,Yield,Lettuce and chicory,377442
2004,Yield,Linseed,12735
2004,Yield,Maize (corn),100637
2004,Yield,"Mangoes, guavas and mangosteens",43077
2004,Yield/Carcass Weight,"Meat of cattle with the bone, fresh or chilled",3539
2004,Yield/Carcass Weight,"Meat of chickens, fresh or chilled",17626
2004,Yield/Carcass Weight,"Meat of ducks, fresh or chilled",22365
2004,Yield/Carcass Weight,"Meat of goat, fresh or chilled",0
2004,Yield/Carcass Weight,"Meat of pig with the bone, fresh or chilled",899
2004,Yield/Carcass Weight,"Meat of sheep, fresh or chilled",304
2004,Yield/Carcass Weight,"Meat of turkeys, fresh or chilled",97279
2004,Yield,Millet,14190
2004,Yield,Mustard seed,9184
2004,Yield,Oats,23221
2004,Yield,Okra,72978
2004,Yield,Olives,75248
2004,Yield,"Onions and shallots, dry (excluding dehydrated)",550438
2004,Yield,Oranges,378130
2004,Yield,"Other beans, green",57696
2004,Yield,Other berries and fruits of the genus vaccinium n.e.c.,82281
2004,Yield,"Other citrus fruit, n.e.c.",414967
2004,Yield,"Other fruits, n.e.c.",184109
2004,Yield,"Other nuts (excluding wild edible nuts and groundnuts), in shell, n.e.c.",25871
2004,Yield,"Other vegetables, fresh n.e.c.",782529
2004,Yield,Papayas,324780
2004,Yield,Peaches and nectarines,193905
2004,Yield,Pears,311739
2004,Yield,"Peas, dry",25204
2004,Yield,"Peas, green",107688
2004,Yield,Pineapples,379359
2004,Yield,"Pistachios, in shell",41821
2004,Yield,Plums and sloes,67360
2004,Yield,Pomelos and grapefruits,422759
2004,Yield,Potatoes,438152
2004,Yield,"Pumpkins, squash and gourds",206067
2004,Yield,Rape or colza seed,18109
2004,Yield,Raspberries,110338
2004,Yield,Raw hides and skins of cattle,323
2004,Yield,Raw hides and skins of goats or kids,0
2004,Yield,Raw hides and skins of sheep or lambs,32
2004,Yield,Raw milk of cattle,86002
2004,Yield,Raw milk of goats,992
2004,Yield,Rice,78328
2004,Yield,Rye,17271
2004,Yield,Safflower seed,13490
2004,Yield,"Seed cotton, unginned",23731
2004,Yield,Sorghum,43688
2004,Yield,Sour cherries,64612
2004,Yield,Soya beans,28405
2004,Yield,Spinach,197331
2004,Yield,Strawberries,482747
2004,Yield,String beans,92457
2004,Yield,Sugar beet,567709
2004,Yield,Sugar cane,764143
2004,Yield,Sunflower seed,13427
2004,Yield,Sweet potatoes,194603
2004,Yield,"Tangerines, mandarins, clementines",258223
2004,Yield,Taro,157333
2004,Yield,Tomatoes,805650
2004,Yield,Unmanufactured tobacco,24224
2004,Yield,"Walnuts, in shell",34044
2004,Yield,Watermelons,291756
2004,Yield,Wheat,29026
2005,Yield,"Almonds, in shell",29969
2005,Yield,Apples,293587
2005,Yield,Apricots,131308
2005,Yield,Artichokes,123188
2005,Yield,Asparagus,34876
2005,Yield,Avocados,103595
2005,Yield,Bananas,238791
2005,Yield,Barley,34873
2005,Yield,"Beans, dry",19512
2005,Yield,Blueberries,54627
2005,Yield,"Broad beans and horse beans, green",33019
2005,Yield,Buckwheat,10091
2005,Yield,Cabbages,367152
2005,Yield,Cantaloupes and other melons,259522
2005,Yield,Carrots and turnips,421108
2005,Yield,Cauliflowers and broccoli,172853
2005,Yield,Cherries,71041
2005,Yield,"Chick peas, dry",13780
2005,Yield,"Chillies and peppers, green (Capsicum spp. and Pimenta spp.)",264790
2005,Yield,"Coffee, green",15063
2005,Yield,"Cow peas, dry",17578
2005,Yield,Cranberries,181280
2005,Yield,Cucumbers and gherkins,146058
2005,Yield,Dates,68803
2005,Yield,Eggplants (aubergines),350214
2005,Yield,Figs,86164
2005,Yield,"Ginger, raw",472041
2005,Yield,Grapes,187367
2005,Yield,Green corn (maize),170302
2005,Yield,Green garlic,178851
2005,Yield,"Groundnuts, excluding shelled",33507
2005,Yield,"Hazelnuts, in shell",21862
2005,Yield,"Hen eggs in shell, fresh",155322
2005,Yield,Hop cones,20131
2005,Yield/Carcass Weight,"Horse meat, fresh or chilled",2499
2005,Yield,Kiwi fruit,185321
2005,Yield,Lemons and limes,333383
2005,Yield,"Lentils, dry",13396
2005,Yield,Lettuce and chicory,376137
2005,Yield,Linseed,12945
2005,Yield,Maize (corn),92852
2005,Yield,"Mangoes, guavas and mangosteens",48111
2005,Yield/Carcass Weight,"Meat of cattle with the bone, fresh or chilled",3356
2005,Yield/Carcass Weight,"Meat of chickens, fresh or chilled",18083
2005,Yield/Carcass Weight,"Meat of ducks, fresh or chilled",21873
2005,Yield/Carcass Weight,"Meat of goat, fresh or chilled",0
2005,Yield/Carcass Weight,"Meat of pig with the bone, fresh or chilled",906
2005,Yield/Carcass Weight,"Meat of sheep, fresh or chilled",307
2005,Yield/Carcass Weight,"Meat of turkeys, fresh or chilled",100636
2005,Yield,Millet,14875
2005,Yield,Mustard seed,8824
2005,Yield,Oats,22598
2005,Yield,Okra,75896
2005,Yield,Olives,99475
2005,Yield,"Onions and shallots, dry (excluding dehydrated)",498664
2005,Yield,Oranges,281184
2005,Yield,"Other beans, green",61172
2005,Yield,Other berries and fruits of the genus vaccinium n.e.c.,81628
2005,Yield,"Other citrus fruit, n.e.c.",223855
2005,Yield,"Other fruits, n.e.c.",148760
2005,Yield,"Other nuts (excluding wild edible nuts and groundnuts), in shell, n.e.c.",25766
2005,Yield,"Other vegetables, fresh n.e.c.",781468
2005,Yield,Papayas,249082
2005,Yield,Peaches and nectarines,181212
2005,Yield,Pears,304807
2005,Yield,"Peas, dry",20492
2005,Yield,"Peas, green",100383
2005,Yield,Pineapples,339433
2005,Yield,"Pistachios, in shell",30210
2005,Yield,Plums and sloes,102209
2005,Yield,Pomelos and grapefruits,221556
2005,Yield,Potatoes,437303
2005,Yield,"Pumpkins, squash and gourds",221192
2005,Yield,Rape or colza seed,15909
2005,Yield,Raspberries,121050
2005,Yield,Raw hides and skins of cattle,306
2005,Yield,Raw hides and skins of goats or kids,0
2005,Yield,Raw hides and skins of sheep or lambs,33
2005,Yield,Raw milk of cattle,88679
2005,Yield,Raw milk of goats,985
2005,Yield,Rice,74245
2005,Yield,Rye,16956
2005,Yield,Safflower seed,15013
2005,Yield,"Seed cotton, unginned",23052
2005,Yield,Sorghum,42976
2005,Yield,Sour cherries,81800
2005,Yield,Soya beans,28961
2005,Yield,Spinach,199255
2005,Yield,Strawberries,498576
2005,Yield,String beans,87509
2005,Yield,Sugar beet,545399
2005,Yield,Sugar cane,713137
2005,Yield,Sunflower seed,17251
2005,Yield,Sweet potatoes,199441
2005,Yield,"Tangerines, mandarins, clementines",201332
2005,Yield,Taro,120667
2005,Yield,Tomatoes,725485
2005,Yield,Unmanufactured tobacco,24336
2005,Yield,"Walnuts, in shell",37014
2005,Yield,Watermelons,311669
2005,Yield,Wheat,28231
2006,Yield,"Almonds, in shell",36049
2006,Yield,Apples,305857
2006,Yield,Apricots,76408
2006,Yield,Artichokes,96761
2006,Yield,Asparagus,29914
2006,Yield,Avocados,84967
2006,Yield,Bananas,190370
2006,Yield,Barley,32846
2006,Yield,"Beans, dry",17677
2006,Yield,Blueberries,58488
2006,Yield,"Broad beans and horse beans, green",31441
2006,Yield,Buckwheat,10000
2006,Yield,Cabbages,390839
2006,Yield,Cantaloupes and other melons,247208
2006,Yield,Carrots and turnips,400140
2006,Yield,Cauliflowers and broccoli,171205
2006,Yield,Cherries,80955
2006,Yield,"Chick peas, dry",12980
2006,Yield,"Chillies and peppers, green (Capsicum spp. and Pimenta spp.)",303407
2006,Yield,"Coffee, green",12984
2006,Yield,"Cow peas, dry",17600
2006,Yield,Cranberries,200594
2006,Yield,Cucumbers and gherkins,147388
2006,Yield,Dates,70581
2006,Yield,Eggplants (aubergines),336566
2006,Yield,Figs,81285
2006,Yield,"Ginger, raw",487500
2006,Yield,Grapes,151798
2006,Yield,Green corn (maize),174297
2006,Yield,Green garlic,187849
2006,Yield,"Groundnuts, excluding shelled",32211
2006,Yield,"Hazelnuts, in shell",32476
2006,Yield,"Hen eggs in shell, fresh",155710
2006,Yield,Hop cones,22012
2006,Yield/Carcass Weight,"Horse meat, fresh or chilled",2502
2006,Yield,Kiwi fruit,131118
2006,Yield,Lemons and limes,367257
2006,Yield,"Lentils, dry",8934
2006,Yield,Lettuce and chicory,357129
2006,Yield,Linseed,9017
2006,Yield,Maize (corn),93577
2006,Yield,"Mangoes, guavas and mangosteens",50209
2006,Yield/Carcass Weight,"Meat of cattle with the bone, fresh or chilled",3250
2006,Yield/Carcass Weight,"Meat of chickens, fresh or chilled",18209
2006,Yield/Carcass Weight,"Meat of ducks, fresh or chilled",21734
2006,Yield/Carcass Weight,"Meat of goat, fresh or chilled",147
2006,Yield/Carcass Weight,"Meat of pig with the bone, fresh or chilled",912
2006,Yield/Carcass Weight,"Meat of sheep, fresh or chilled",303
2006,Yield/Carcass Weight,"Meat of turkeys, fresh or chilled",101179
2006,Yield,Millet,12028
2006,Yield,Mustard seed,8069
2006,Yield,Oats,21447
2006,Yield,Okra,75352
2006,Yield,Olives,36158
2006,Yield,"Onions and shallots, dry (excluding dehydrated)",492705
2006,Yield,Oranges,359361
2006,Yield,"Other beans, green",55454
2006,Yield,Other berries and fruits of the genus vaccinium n.e.c.,67894
2006,Yield,"Other citrus fruit, n.e.c.",286858
2006,Yield,"Other fruits, n.e.c.",223800
2006,Yield,"Other nuts (excluding wild edible nuts and groundnuts), in shell, n.e.c.",25082
2006,Yield,"Other vegetables, fresh n.e.c.",778107
2006,Yield,Papayas,202844
2006,Yield,Peaches and nectarines,163313
2006,Yield,Pears,315017
2006,Yield,"Peas, dry",16738
2006,Yield,"Peas, green",114841
2006,Yield,Pineapples,303202
2006,Yield,"Pistachios, in shell",24251
2006,Yield,Plums and sloes,176911
2006,Yield,Pomelos and grapefruits,303495
2006,Yield,Potatoes,440949
2006,Yield,"Pumpkins, squash and gourds",224778
2006,Yield,Rape or colza seed,15304
2006,Yield,Raspberries,111407
2006,Yield,Raw hides and skins of cattle,296
2006,Yield,Raw hides and skins of goats or kids,28
2006,Yield,Raw hides and skins of sheep or lambs,32
2006,Yield,Raw milk of cattle,90243
2006,Yield,Raw milk of goats,981
2006,Yield,Rice,77313
2006,Yield,Rye,16477
2006,Yield,Safflower seed,12333
2006,Yield,"Seed cotton, unginned",22619
2006,Yield,Sorghum,35194
2006,Yield,Sour cherries,79486
2006,Yield,Soya beans,28817
2006,Yield,Spinach,185064
2006,Yield,Strawberries,505721
2006,Yield,String beans,88796
2006,Yield,Sugar beet,645697
2006,Yield,Sugar cane,813785
2006,Yield,Sunflower seed,13574
2006,Yield,Sweet potatoes,210574
2006,Yield,"Tangerines, mandarins, clementines",264823
2006,Yield,Taro,136000
2006,Yield,Tomatoes,721825
2006,Yield,Unmanufactured tobacco,24067
2006,Yield,"Walnuts, in shell",36493
2006,Yield,Watermelons,329544
2006,Yield,Wheat,25986
2007,Yield,"Almonds, in shell",46830
2007,Yield,Apples,290344
2007,Yield,Apricots,156767
2007,Yield,Artichokes,123136
2007,Yield,Asparagus,38416
2007,Yield,Avocados,65052
2007,Yield,Bananas,220760
2007,Yield,Barley,32279
2007,Yield,"Beans, dry",19387
2007,Yield,Blueberries,60266
2007,Yield,"Broad beans and horse beans, green",31333
2007,Yield,Buckwheat,10000
2007,Yield,Cabbages,326131
2007,Yield,Cantaloupes and other melons,301453
2007,Yield,Carrots and turnips,380711
2007,Yield,Cauliflowers and broccoli,173861
2007,Yield,Cherries,85281
2007,Yield,"Chick peas, dry",13999
2007,Yield,"Chillies and peppers, green (Capsicum spp. and Pimenta spp.)",283790
2007,Yield,"Coffee, green",13127
2007,Yield,"Cow peas, dry",16403
2007,Yield,Cranberries,192801
2007,Yield,Cucumbers and gherkins,150889
2007,Yield,Dates,68937
2007,Yield,Eggplants (aubergines),340909
2007,Yield,Figs,117738
2007,Yield,"Ginger, raw",396875
2007,Yield,Grapes,168929
2007,Yield,Green corn (maize),172115
2007,Yield,Green garlic,185408
2007,Yield,"Groundnuts, excluding shelled",35085
2007,Yield,"Hazelnuts, in shell",29003
2007,Yield,"Hen eggs in shell, fresh",155964
2007,Yield,Hop cones,21848
2007,Yield/Carcass Weight,"Horse meat, fresh or chilled",2512
2007,Yield,Kiwi fruit,130741
2007,Yield,Lemons and limes,295676
2007,Yield,"Lentils, dry",13868
2007,Yield,Lettuce and chicory,360571
2007,Yield,Linseed,10604
2007,Yield,Maize (corn),94585
2007,Yield,"Mangoes, guavas and mangosteens",44000
2007,Yield/Carcass Weight,"Meat of cattle with the bone, fresh or chilled",3383
2007,Yield/Carcass Weight,"Meat of chickens, fresh or chilled",18402
2007,Yield/Carcass Weight,"Meat of ducks, fresh or chilled",21863
2007,Yield/Carcass Weight,"Meat of goat, fresh or chilled",147
2007,Yield/Carcass Weight,"Meat of pig with the bone, fresh or chilled",912
2007,Yield/Carcass Weight,"Meat of sheep, fresh or chilled",327
2007,Yield/Carcass Weight,"Meat of turkeys, fresh or chilled",101886
2007,Yield,Millet,18214
2007,Yield,Mustard seed,6818
2007,Yield,Oats,21566
2007,Yield,Okra,76923
2007,Yield,Olives,99003
2007,Yield,"Onions and shallots, dry (excluding dehydrated)",557626
2007,Yield,Oranges,252366
2007,Yield,"Other beans, green",30258
2007,Yield,Other berries and fruits of the genus vaccinium n.e.c.,103339
2007,Yield,"Other citrus fruit, n.e.c.",228212
2007,Yield,"Other fruits, n.e.c.",288986
2007,Yield,"Other nuts (excluding wild edible nuts and groundnuts), in shell, n.e.c.",25565
2007,Yield,"Other vegetables, fresh n.e.c.",789771
2007,Yield,Papayas,285849
2007,Yield,Peaches and nectarines,200447
2007,Yield,Pears,336766
2007,Yield,"Peas, dry",22501
2007,Yield,"Peas, green",120939
2007,Yield,Pineapples,301754
2007,Yield,"Pistachios, in shell",40546
2007,Yield,Plums and sloes,92362
2007,Yield,Pomelos and grapefruits,423254
2007,Yield,Potatoes,444336
2007,Yield,"Pumpkins, squash and gourds",227040
2007,Yield,Rape or colza seed,13877
2007,Yield,Raspberries,99246
2007,Yield,Raw hides and skins of cattle,309
2007,Yield,Raw hides and skins of goats or kids,28
2007,Yield,Raw hides and skins of sheep or lambs,35
2007,Yield,Raw milk of cattle,91644
2007,Yield,Raw milk of goats,968
2007,Yield,Rice,80917
2007,Yield,Rye,15720
2007,Yield,Safflower seed,13767
2007,Yield,"Seed cotton, unginned",23933
2007,Yield,Sorghum,45971
2007,Yield,Sour cherries,81668
2007,Yield,Soya beans,28067
2007,Yield,Spinach,182104
2007,Yield,Strawberries,525271
2007,Yield,String beans,81932
2007,Yield,Sugar beet,632463
2007,Yield,Sugar cane,779588
2007,Yield,Sunflower seed,15982
2007,Yield,Sweet potatoes,207941
2007,Yield,"Tangerines, mandarins, clementines",219898
2007,Yield,Taro,111728
2007,Yield,Tomatoes,831205
2007,Yield,Unmanufactured tobacco,24799
2007,Yield,"Walnuts, in shell",33728
2007,Yield,Watermelons,324480
2007,Yield,Wheat,27046
2008,Yield,"Almonds, in shell",51238
2008,Yield,Apples,309247
2008,Yield,Apricots,146953
2008,Yield,Artichokes,145758
2008,Yield,Asparagus,33139
2008,Yield,Avocados,35704
2008,Yield,Bananas,177303
2008,Yield,Barley,34072
2008,Yield,"Beans, dry",19822
2008,Yield,Blueberries,64649
2008,Yield,"Broad beans and horse beans, green",32990
2008,Yield,Buckwheat,10000
2008,Yield,Cabbages,417735
2008,Yield,Cantaloupes and other melons,289672
2008,Yield,Carrots and turnips,407574
2008,Yield,Cauliflowers and broccoli,183158
2008,Yield,Cherries,67325
2008,Yield,"Chick peas, dry",15263
2008,Yield,"Chillies and peppers, green (Capsicum spp. and Pimenta spp.)",296524
2008,Yield,"Coffee, green",15490
2008,Yield,"Cow peas, dry",15073
2008,Yield,Cranberries,230801
2008,Yield,Cucumbers and gherkins,157694
2008,Yield,Dates,82185
2008,Yield,Eggplants (aubergines),342954
2008,Yield,Figs,103260
2008,Yield,"Ginger, raw",340000
2008,Yield,Grapes,175305
2008,Yield,Green corn (maize),161455
2008,Yield,Green garlic,188573
2008,Yield,"Groundnuts, excluding shelled",38396
2008,Yield,"Hazelnuts, in shell",25259
2008,Yield,"Hen eggs in shell, fresh",157472
2008,Yield,Hop cones,22097
2008,Yield/Carcass Weight,"Horse meat, fresh or chilled",2558
2008,Yield,Kiwi fruit,122735
2008,Yield,Lemons and limes,235194
2008,Yield,"Lentils, dry",10277
2008,Yield,Lettuce and chicory,356314
2008,Yield,Linseed,10552
2008,Yield,Maize (corn),96209
2008,Yield,"Mangoes, guavas and mangosteens",42857
2008,Yield/Carcass Weight,"Meat of cattle with the bone, fresh or chilled",3389
2008,Yield/Carcass Weight,"Meat of chickens, fresh or chilled",18726
2008,Yield/Carcass Weight,"Meat of ducks, fresh or chilled",21843
2008,Yield/Carcass Weight,"Meat of goat, fresh or chilled",147
2008,Yield/Carcass Weight,"Meat of pig with the bone, fresh or chilled",909
2008,Yield/Carcass Weight,"Meat of sheep, fresh or chilled",309
2008,Yield/Carcass Weight,"Meat of turkeys, fresh or chilled",104462
2008,Yield,Millet,18128
2008,Yield,Mustard seed,6467
2008,Yield,Oats,22842
2008,Yield,Okra,75899
2008,Yield,Olives,49914
2008,Yield,"Onions and shallots, dry (excluding dehydrated)",548514
2008,Yield,Oranges,340633
2008,Yield,"Other beans, green",28786
2008,Yield,Other berries and fruits of the genus vaccinium n.e.c.,75624
2008,Yield,"Other citrus fruit, n.e.c.",293203
2008,Yield,"Other fruits, n.e.c.",244308
2008,Yield,"Other nuts (excluding wild edible nuts and groundnuts), in shell, n.e.c.",25625
2008,Yield,"Other vegetables, fresh n.e.c.",793084
2008,Yield,Papayas,273118
2008,Yield,Peaches and nectarines,206215
2008,Yield,Pears,332635
2008,Yield,"Peas, dry",16231
2008,Yield,"Peas, green",44021
2008,Yield,Pineapples,313043
2008,Yield,"Pistachios, in shell",26407
2008,Yield,Plums and sloes,127926
2008,Yield,Pomelos and grapefruits,416082
2008,Yield,Potatoes,444373
2008,Yield,"Pumpkins, squash and gourds",226665
2008,Yield,Rape or colza seed,16377
2008,Yield,Raspberries,93140
2008,Yield,Raw hides and skins of cattle,309
2008,Yield,Raw hides and skins of goats or kids,28
2008,Yield,Raw hides and skins of sheep or lambs,33
2008,Yield,Raw milk of cattle,92519
2008,Yield,Raw milk of goats,960
2008,Yield,Rice,76731
2008,Yield,Rye,18249
2008,Yield,Safflower seed,17843
2008,Yield,"Seed cotton, unginned",21846
2008,Yield,Sorghum,40848
2008,Yield,Sour cherries,69153
2008,Yield,Soya beans,26718
2008,Yield,Spinach,191049
2008,Yield,Strawberries,521030
2008,Yield,String beans,85352
2008,Yield,Sugar beet,599886
2008,Yield,Sugar cane,712869
2008,Yield,Sunflower seed,16012
2008,Yield,Sweet potatoes,212454
2008,Yield,"Tangerines, mandarins, clementines",291696
2008,Yield,Taro,121875
2008,Yield,Tomatoes,846034
2008,Yield,Unmanufactured tobacco,25311
2008,Yield,"Walnuts, in shell",42494
2008,Yield,Watermelons,357115
2008,Yield,Wheat,30175
2009,Yield,"Almonds, in shell",39887
2009,Yield,Apples,314830
2009,Yield,Apricots,124732
2009,Yield,Artichokes,140115
2009,Yield,Asparagus,34501
2009,Yield,Avocados,100978
2009,Yield,Bananas,188539
2009,Yield,Barley,39150
2009,Yield,"Beans, dry",19429
2009,Yield,Blueberries,64994
2009,Yield,"Broad beans and horse beans, green",32502
2009,Yield,Buckwheat,10155
2009,Yield,Cabbages,387098
2009,Yield,Cantaloupes and other melons,285961
2009,Yield,Carrots and turnips,397254
2009,Yield,Cauliflowers and broccoli,184247
2009,Yield,Cherries,116380
2009,Yield,"Chick peas, dry",17237
2009,Yield,"Chillies and peppers, green (Capsicum spp. and Pimenta spp.)",307805
2009,Yield,"Coffee, green",15490
2009,Yield,"Cow peas, dry",19035
2009,Yield,Cranberries,201264
2009,Yield,Cucumbers and gherkins,158187
2009,Yield,Dates,79307
2009,Yield,Eggplants (aubergines),349660
2009,Yield,Figs,105444
2009,Yield,"Ginger, raw",340000
2009,Yield,Grapes,173381
2009,Yield,Green corn (maize),170122
2009,Yield,Green garlic,195444
2009,Yield,"Groundnuts, excluding shelled",38348
2009,Yield,"Hazelnuts, in shell",36713
2009,Yield,"Hen eggs in shell, fresh",158865
2009,Yield,Hop cones,26712
2009,Yield/Carcass Weight,"Horse meat, fresh or chilled",2545
2009,Yield,Kiwi fruit,136612
2009,Yield,Lemons and limes,346520
2009,Yield,"Lentils, dry",16134
2009,Yield,Lettuce and chicory,363475
2009,Yield,Linseed,14838
2009,Yield,Maize (corn),103181
2009,Yield,"Mangoes, guavas and mangosteens",41435
2009,Yield/Carcass Weight,"Meat of cattle with the bone, fresh or chilled",3510
2009,Yield/Carcass Weight,"Meat of chickens, fresh or chilled",18865
2009,Yield/Carcass Weight,"Meat of ducks, fresh or chilled",21957
2009,Yield/Carcass Weight,"Meat of goat, fresh or chilled",147
2009,Yield/Carcass Weight,"Meat of pig with the bone, fresh or chilled",918
2009,Yield/Carcass Weight,"Meat of sheep, fresh or chilled",308
2009,Yield/Carcass Weight,"Meat of turkeys, fresh or chilled",104506
2009,Yield,Millet,18769
2009,Yield,Mustard seed,11112
2009,Yield,Oats,24369
2009,Yield,Okra,75905
2009,Yield,Olives,33482
2009,Yield,"Onions and shallots, dry (excluding dehydrated)",560952
2009,Yield,Oranges,311781
2009,Yield,"Other beans, green",30989
2009,Yield,Other berries and fruits of the genus vaccinium n.e.c.,81901
2009,Yield,"Other citrus fruit, n.e.c.",224211
2009,Yield,"Other fruits, n.e.c.",173273
2009,Yield,"Other nuts (excluding wild edible nuts and groundnuts), in shell, n.e.c.",23219
2009,Yield,"Other vegetables, fresh n.e.c.",789441
2009,Yield,Papayas,266604
2009,Yield,Peaches and nectarines,198961
2009,Yield,Pears,376450
2009,Yield,"Peas, dry",22924
2009,Yield,"Peas, green",48205
2009,Yield,Pineapples,344828
2009,Yield,"Pistachios, in shell",31580
2009,Yield,Plums and sloes,150728
2009,Yield,Pomelos and grapefruits,363577
2009,Yield,Potatoes,464446
2009,Yield,"Pumpkins, squash and gourds",210522
2009,Yield,Rape or colza seed,20318
2009,Yield,Raspberries,125212
2009,Yield,Raw hides and skins of cattle,320
2009,Yield,Raw hides and skins of goats or kids,28
2009,Yield,Raw hides and skins of sheep or lambs,33
2009,Yield,Raw milk of cattle,93263
2009,Yield,Raw milk of goats,953
2009,Yield,Rice,79413
2009,Yield,Rye,16982
2009,Yield,Safflower seed,16387
2009,Yield,"Seed cotton, unginned",21062
2009,Yield,Sorghum,43534
2009,Yield,Sour cherries,113248
2009,Yield,Soya beans,29595
2009,Yield,Spinach,214284
2009,Yield,Strawberries,540698
2009,Yield,String beans,83919
2009,Yield,Sugar beet,581309
2009,Yield,Sugar cane,780623
2009,Yield,Sunflower seed,17422
2009,Yield,Sweet potatoes,225200
2009,Yield,"Tangerines, mandarins, clementines",224677
2009,Yield,Taro,100556
2009,Yield,Tomatoes,877269
2009,Yield,Unmanufactured tobacco,26042
2009,Yield,"Walnuts, in shell",40818
2009,Yield,Watermelons,352006
2009,Yield,Wheat,29897
2010,Yield,"Almonds, in shell",45371
2010,Yield,Apples,309087
2010,Yield,Apricots,122471
2010,Yield,Artichokes,134674
2010,Yield,Asparagus,31986
2010,Yield,Avocados,65208
2010,Yield,Bananas,181438
2010,Yield,Barley,39339
2010,Yield,"Beans, dry",19343
2010,Yield,Blueberries,66220
2010,Yield,"Broad beans and horse beans, green",32006
2010,Yield,Buckwheat,10223
2010,Yield,Cabbages,392543
2010,Yield,Cantaloupes and other melons,280314
2010,Yield,Carrots and turnips,421786
2010,Yield,Cauliflowers and broccoli,175286
2010,Yield,Cherries,82575
2010,Yield,"Chick peas, dry",15082
2010,Yield,"Chillies and peppers, green (Capsicum spp. and Pimenta spp.)",308284
2010,Yield,"Coffee, green",15647
2010,Yield,"Cow peas, dry",20052
2010,Yield,Cranberries,198212
2010,Yield,Cucumbers and gherkins,164708
2010,Yield,Dates,84429
2010,Yield,Eggplants (aubergines),357028
2010,Yield,Figs,106647
2010,Yield,"Ginger, raw",348129
2010,Yield,Grapes,175944
2010,Yield,Green corn (maize),159927
2010,Yield,Green garlic,183989
2010,Yield,"Groundnuts, excluding shelled",37124
2010,Yield,"Hazelnuts, in shell",21644
2010,Yield,"Hen eggs in shell, fresh",159476
2010,Yield,Hop cones,23462
2010,Yield/Carcass Weight,"Horse meat, fresh or chilled",2591
2010,Yield,Kiwi fruit,174500
2010,Yield,Lemons and limes,346875
2010,Yield,"Lentils, dry",15305
2010,Yield,Lettuce and chicory,386480
2010,Yield,Linseed,13598
2010,Yield,Maize (corn),95757
2010,Yield,"Mangoes, guavas and mangosteens",125532
2010,Yield/Carcass Weight,"Meat of cattle with the bone, fresh or chilled",3350
2010,Yield/Carcass Weight,"Meat of chickens, fresh or chilled",19306
2010,Yield/Carcass Weight,"Meat of ducks, fresh or chilled",22253
2010,Yield/Carcass Weight,"Meat of goat, fresh or chilled",147
2010,Yield/Carcass Weight,"Meat of pig with the bone, fresh or chilled",923
2010,Yield/Carcass Weight,"Meat of sheep, fresh or chilled",299
2010,Yield/Carcass Weight,"Meat of turkeys, fresh or chilled",105524
2010,Yield,Millet,17809
2010,Yield,Mustard seed,9753
2010,Yield,Oats,23172
2010,Yield,Okra,77155
2010,Yield,Olives,128272
2010,Yield,"Onions and shallots, dry (excluding dehydrated)",552620
2010,Yield,Oranges,287467
2010,Yield,"Other beans, green",32877
2010,Yield,Other berries and fruits of the genus vaccinium n.e.c.,81098
2010,Yield,"Other citrus fruit, n.e.c.",195557
2010,Yield,"Other fruits, n.e.c.",125532
2010,Yield,"Other nuts (excluding wild edible nuts and groundnuts), in shell, n.e.c.",21893
2010,Yield,"Other vegetables, fresh n.e.c.",797539
2010,Yield,Papayas,250055
2010,Yield,Peaches and nectarines,211032
2010,Yield,Pears,325693
2010,Yield,"Peas, dry",22405
2010,Yield,"Peas, green",44890
2010,Yield,Pineapples,323586
2010,Yield,"Pistachios, in shell",42707
2010,Yield,Plums and sloes,138507
2010,Yield,Pomelos and grapefruits,364204
2010,Yield,Potatoes,449438
2010,Yield,"Pumpkins, squash and gourds",210824
2010,Yield,Rape or colza seed,19178
2010,Yield,Raspberries,94820
2010,Yield,Raw hides and skins of cattle,306
2010,Yield,Raw hides and skins of goats or kids,28
2010,Yield,Raw hides and skins of sheep or lambs,32
2010,Yield,Raw milk of cattle,95898
2010,Yield,Raw milk of goats,941
2010,Yield,Rice,75375
2010,Yield,Rye,17388
2010,Yield,Safflower seed,14793
2010,Yield,"Seed cotton, unginned",21881
2010,Yield,Sorghum,45118
2010,Yield,Sour cherries,59863
2010,Yield,Soya beans,29243
2010,Yield,Spinach,201177
2010,Yield,Strawberries,561968
2010,Yield,String beans,81136
2010,Yield,Sugar beet,621142
2010,Yield,Sugar cane,698951
2010,Yield,Sunflower seed,16363
2010,Yield,Sweet potatoes,228628
2010,Yield,"Tangerines, mandarins, clementines",291709
2010,Yield,Taro,93158
2010,Yield,Tomatoes,885396
2010,Yield,Unmanufactured tobacco,23851
2010,Yield,"Walnuts, in shell",44307
2010,Yield,Watermelons,348316
2010,Yield,Wheat,31167
2011,Yield,"Almonds, in shell",56883
2011,Yield,Apples,319842
2011,Yield,Apricots,126072
2011,Yield,Artichokes,151299
2011,Yield,Asparagus,34294
2011,Yield,Avocados,84676
2011,Yield,Bananas,194889
2011,Yield,Barley,37160
2011,Yield,"Beans, dry",19089
2011,Yield,Blueberries,67778
2011,Yield,"Broad beans and horse beans, green",31478
2011,Yield,Buckwheat,10289
2011,Yield,Cabbages,384062
2011,Yield,Cantaloupes and other melons,291536
2011,Yield,Carrots and turnips,383489
2011,Yield,Cauliflowers and broccoli,174120
2011,Yield,Cherries,87353
2011,Yield,"Chick peas, dry",18350
2011,Yield,"Chillies and peppers, green (Capsicum spp. and Pimenta spp.)",330588
2011,Yield,"Coffee, green",13518
2011,Yield,"Cow peas, dry",16212
2011,Yield,Cranberries,224575
2011,Yield,Cucumbers and gherkins,154322
2011,Yield,Dates,90500
2011,Yield,Eggplants (aubergines),363183
2011,Yield,Figs,100782
2011,Yield,"Ginger, raw",370488
2011,Yield,Grapes,173894
2011,Yield,Green corn (maize),159815
2011,Yield,Green garlic,187318
2011,Yield,"Groundnuts, excluding shelled",37948
2011,Yield,"Hazelnuts, in shell",30282
2011,Yield,"Hen eggs in shell, fresh",161018
2011,Yield,Hop cones,24377
2011,Yield/Carcass Weight,"Horse meat, fresh or chilled",2591
2011,Yield,Kiwi fruit,201182
2011,Yield,Lemons and limes,371599
2011,Yield,"Lentils, dry",12905
2011,Yield,Lettuce and chicory,387191
2011,Yield,Linseed,20252
2011,Yield,Maize (corn),92146
2011,Yield,"Mangoes, guavas and mangosteens",191556
2011,Yield/Carcass Weight,"Meat of cattle with the bone, fresh or chilled",3411
2011,Yield/Carcass Weight,"Meat of chickens, fresh or chilled",19705
2011,Yield/Carcass Weight,"Meat of ducks, fresh or chilled",22244
2011,Yield/Carcass Weight,"Meat of goat, fresh or chilled",147
2011,Yield/Carcass Weight,"Meat of pig with the bone, fresh or chilled",931
2011,Yield/Carcass Weight,"Meat of sheep, fresh or chilled",308
2011,Yield/Carcass Weight,"Meat of turkeys, fresh or chilled",106404
2011,Yield,Millet,15169
2011,Yield,Mustard seed,8050
2011,Yield,Oats,20547
2011,Yield,Okra,77791
2011,Yield,Olives,38461
2011,Yield,"Onions and shallots, dry (excluding dehydrated)",562600
2011,Yield,Oranges,317467
2011,Yield,"Other beans, green",31766
2011,Yield,Other berries and fruits of the genus vaccinium n.e.c.,81317
2011,Yield,"Other citrus fruit, n.e.c.",201176
2011,Yield,"Other fruits, n.e.c.",191556
2011,Yield,"Other nuts (excluding wild edible nuts and groundnuts), in shell, n.e.c.",20978
2011,Yield,"Other vegetables, fresh n.e.c.",769581
2011,Yield,Papayas,246635
2011,Yield,Peaches and nectarines,207113
2011,Yield,Pears,397950
2011,Yield,"Peas, dry",18392
2011,Yield,"Peas, green",50167
2011,Yield,Pineapples,308772
2011,Yield,"Pistachios, in shell",32527
2011,Yield,Plums and sloes,167205
2011,Yield,Pomelos and grapefruits,380844
2011,Yield,Potatoes,446923
2011,Yield,"Pumpkins, squash and gourds",219918
2011,Yield,Rape or colza seed,16589
2011,Yield,Raspberries,120751
2011,Yield,Raw hides and skins of cattle,311
2011,Yield,Raw hides and skins of goats or kids,28
2011,Yield,Raw hides and skins of sheep or lambs,33
2011,Yield,Raw milk of cattle,96771
2011,Yield,Raw milk of goats,939
2011,Yield,Rice,79209
2011,Yield,Rye,15891
2011,Yield,Safflower seed,14938
2011,Yield,"Seed cotton, unginned",25448
2011,Yield,Sorghum,33888
2011,Yield,Sour cherries,72137
2011,Yield,Soya beans,28232
2011,Yield,Spinach,219131
2011,Yield,Strawberries,568041
2011,Yield,String beans,82271
2011,Yield,Sugar beet,533929
2011,Yield,Sugar cane,750762
2011,Yield,Sunflower seed,15671
2011,Yield,Sweet potatoes,233019
2011,Yield,"Tangerines, mandarins, clementines",304932
2011,Yield,Taro,94898
2011,Yield,Tomatoes,924535
2011,Yield,Unmanufactured tobacco,20630
2011,Yield,"Walnuts, in shell",38997
2011,Yield,Watermelons,344409
2011,Yield,Wheat,29422
2012,Yield,"Almonds, in shell",49871
2012,Yield,Apples,309933
2012,Yield,Apricots,120089
2012,Yield,Artichokes,162847
2012,Yield,Asparagus,33711
2012,Yield,Avocados,95398
2012,Yield,Bananas,181845
2012,Yield,Barley,35986
2012,Yield,"Beans, dry",21168
2012,Yield,Blueberries,68621
2012,Yield,"Broad beans and horse beans, green",30714
2012,Yield,Buckwheat,10446
2012,Yield,Cabbages,389704
2012,Yield,Cantaloupes and other melons,282059
2012,Yield,Carrots and turnips,403675
2012,Yield,Cauliflowers and broccoli,187387
2012,Yield,Cherries,110022
2012,Yield,"Chick peas, dry",18103
2012,Yield,"Chillies and peppers, green (Capsicum spp. and Pimenta spp.)",340184
2012,Yield,"Coffee, green",12859
2012,Yield,"Cow peas, dry",18658
2012,Yield,Cranberries,223751
2012,Yield,Cucumbers and gherkins,162235
2012,Yield,Dates,79228
2012,Yield,Eggplants (aubergines),369337
2012,Yield,Figs,106013
2012,Yield,"Ginger, raw",353458
2012,Yield,Grapes,165831
2012,Yield,Green corn (maize),168946
2012,Yield,Green garlic,186581
2012,Yield,"Groundnuts, excluding shelled",47195
2012,Yield,"Hazelnuts, in shell",30249
2012,Yield,"Hen eggs in shell, fresh",162347
2012,Yield,Hop cones,21502
2012,Yield/Carcass Weight,"Horse meat, fresh or chilled",2500
2012,Yield,Kiwi fruit,197729
2012,Yield,Lemons and limes,417334
2012,Yield,"Lentils, dry",13206
2012,Yield,Lettuce and chicory,364587
2012,Yield,Linseed,10831
2012,Yield,Maize (corn),77270
2012,Yield,"Mangoes, guavas and mangosteens",198760
2012,Yield/Carcass Weight,"Meat of cattle with the bone, fresh or chilled",3519
2012,Yield/Carcass Weight,"Meat of chickens, fresh or chilled",19863
2012,Yield/Carcass Weight,"Meat of ducks, fresh or chilled",22279
2012,Yield/Carcass Weight,"Meat of goat, fresh or chilled",147
2012,Yield/Carcass Weight,"Meat of pig with the bone, fresh or chilled",932
2012,Yield/Carcass Weight,"Meat of sheep, fresh or chilled",321
2012,Yield/Carcass Weight,"Meat of turkeys, fresh or chilled",108185
2012,Yield,Millet,8406
2012,Yield,Mustard seed,7041
2012,Yield,Oats,21944
2012,Yield,Okra,78428
2012,Yield,Olives,81517
2012,Yield,"Onions and shallots, dry (excluding dehydrated)",545582
2012,Yield,Oranges,336472
2012,Yield,"Other beans, green",41585
2012,Yield,Other berries and fruits of the genus vaccinium n.e.c.,81469
2012,Yield,"Other citrus fruit, n.e.c.",285171
2012,Yield,"Other fruits, n.e.c.",216887
2012,Yield,"Other nuts (excluding wild edible nuts and groundnuts), in shell, n.e.c.",21096
2012,Yield,"Other vegetables, fresh n.e.c.",763408
2012,Yield,Papayas,230150
2012,Yield,Peaches and nectarines,201620
2012,Yield,Pears,384011
2012,Yield,"Peas, dry",19842
2012,Yield,"Peas, green",46938
2012,Yield,Pineapples,300000
2012,Yield,"Pistachios, in shell",37404
2012,Yield,Plums and sloes,162935
2012,Yield,Pomelos and grapefruits,416681
2012,Yield,Potatoes,457762
2012,Yield,"Pumpkins, squash and gourds",235597
2012,Yield,Rape or colza seed,15612
2012,Yield,Raspberries,108631
2012,Yield,Raw hides and skins of cattle,321
2012,Yield,Raw hides and skins of goats or kids,28
2012,Yield,Raw hides and skins of sheep or lambs,34
2012,Yield,Raw milk of cattle,98527
2012,Yield,Raw milk of goats,939
2012,Yield,Rice,83651
2012,Yield,Rye,16425
2012,Yield,Safflower seed,12178
2012,Yield,"Seed cotton, unginned",27251
2012,Yield,Sorghum,31131
2012,Yield,Sour cherries,25602
2012,Yield,Soya beans,26867
2012,Yield,Spinach,183963
2012,Yield,Strawberries,586593
2012,Yield,String beans,87405
2012,Yield,Sugar beet,655763
2012,Yield,Sugar cane,800565
2012,Yield,Sunflower seed,16667
2012,Yield,Sweet potatoes,234472
2012,Yield,"Tangerines, mandarins, clementines",308095
2012,Yield,Taro,99250
2012,Yield,Tomatoes,948245
2012,Yield,Unmanufactured tobacco,24710
2012,Yield,"Walnuts, in shell",45484
2012,Yield,Watermelons,349949
2012,Yield,Wheat,31154
2013,Yield,"Almonds, in shell",50375
2013,Yield,Apples,362135
2013,Yield,Apricots,126099
2013,Yield,Artichokes,151568
2013,Yield,Asparagus,34874
2013,Yield,Avocados,67067
2013,Yield,Bananas,181923
2013,Yield,Barley,38358
2013,Yield,"Beans, dry",20927
2013,Yield,Blueberries,75180
2013,Yield,"Broad beans and horse beans, green",29898
2013,Yield,Buckwheat,10452
2013,Yield,Cabbages,409871
2013,Yield,Cantaloupes and other melons,293910
2013,Yield,Carrots and turnips,414078
2013,Yield,Cauliflowers and broccoli,186590
2013,Yield,Cherries,82627
2013,Yield,"Chick peas, dry",18249
2013,Yield,"Chillies and peppers, green (Capsicum spp. and Pimenta spp.)",322513
2013,Yield,"Coffee, green",9569
2013,Yield,"Cow peas, dry",18459
2013,Yield,Cranberries,239059
2013,Yield,Cucumbers and gherkins,158786
2013,Yield,Dates,83391
2013,Yield,Eggplants (aubergines),375491
2013,Yield,Figs,105672
2013,Yield,"Ginger, raw",342519
2013,Yield,Grapes,185714
2013,Yield,Green corn (maize),164202
2013,Yield,Green garlic,181386
2013,Yield,"Groundnuts, excluding shelled",44846
2013,Yield,"Hazelnuts, in shell",33624
2013,Yield,"Hen eggs in shell, fresh",163107
2013,Yield,Hop cones,21996
2013,Yield/Carcass Weight,"Horse meat, fresh or chilled",2500
2013,Yield,Kiwi fruit,158669
2013,Yield,Lemons and limes,378599
2013,Yield,"Lentils, dry",16212
2013,Yield,Lettuce and chicory,343951
2013,Yield,Linseed,12247
2013,Yield,Maize (corn),99256
2013,Yield,"Mangoes, guavas and mangosteens",246420
2013,Yield/Carcass Weight,"Meat of cattle with the bone, fresh or chilled",3535
2013,Yield/Carcass Weight,"Meat of chickens, fresh or chilled",20115
2013,Yield/Carcass Weight,"Meat of ducks, fresh or chilled",22407
2013,Yield/Carcass Weight,"Meat of goat, fresh or chilled",147
2013,Yield/Carcass Weight,"Meat of pig with the bone, fresh or chilled",938
2013,Yield/Carcass Weight,"Meat of sheep, fresh or chilled",303
2013,Yield/Carcass Weight,"Meat of turkeys, fresh or chilled",109996
2013,Yield,Millet,16194
2013,Yield,Mustard seed,9487
2013,Yield,Oats,22978
2013,Yield,Okra,79064
2013,Yield,Olives,93033
2013,Yield,"Onions and shallots, dry (excluding dehydrated)",544622
2013,Yield,Oranges,305243
2013,Yield,"Other beans, green",37669
2013,Yield,Other berries and fruits of the genus vaccinium n.e.c.,81872
2013,Yield,"Other citrus fruit, n.e.c.",258701
2013,Yield,"Other fruits, n.e.c.",249500
2013,Yield,"Other nuts (excluding wild edible nuts and groundnuts), in shell, n.e.c.",19542
2013,Yield,"Other vegetables, fresh n.e.c.",700645
2013,Yield,Papayas,208688
2013,Yield,Peaches and nectarines,190426
2013,Yield,Pears,396419
2013,Yield,"Peas, dry",21967
2013,Yield,"Peas, green",44762
2013,Yield,Pineapples,286667
2013,Yield,"Pistachios, in shell",25951
2013,Yield,Plums and sloes,115526
2013,Yield,Pomelos and grapefruits,378007
2013,Yield,Potatoes,463577
2013,Yield,"Pumpkins, squash and gourds",215798
2013,Yield,Rape or colza seed,19584
2013,Yield,Raspberries,110642
2013,Yield,Raw hides and skins of cattle,322
2013,Yield,Raw hides and skins of goats or kids,28
2013,Yield,Raw hides and skins of sheep or lambs,32
2013,Yield,Raw milk of cattle,98956
2013,Yield,Raw milk of goats,939
2013,Yield,Rice,86232
2013,Yield,Rye,17219
2013,Yield,Safflower seed,13804
2013,Yield,"Seed cotton, unginned",24977
2013,Yield,Sorghum,37396
2013,Yield,Sour cherries,86435
2013,Yield,Soya beans,29615
2013,Yield,Spinach,189463
2013,Yield,Strawberries,565344
2013,Yield,String beans,88453
2013,Yield,Sugar beet,636939
2013,Yield,Sugar cane,757099
2013,Yield,Sunflower seed,15472
2013,Yield,Sweet potatoes,245411
2013,Yield,"Tangerines, mandarins, clementines",279499
2013,Yield,Taro,96875
2013,Yield,Tomatoes,907328
2013,Yield,Unmanufactured tobacco,22802
2013,Yield,"Walnuts, in shell",39390
2013,Yield,Watermelons,356144
2013,Yield,Wheat,31673
2014,Yield,"Almonds, in shell",43897
2014,Yield,Apples,416171
2014,Yield,Apricots,134508
2014,Yield,Artichokes,145932
2014,Yield,Asparagus,34995
2014,Yield,Avocados,75023
2014,Yield,Bananas,187701
2014,Yield,Barley,39115
2014,Yield,"Beans, dry",19655
2014,Yield,Blueberries,76537
2014,Yield,"Broad beans and horse beans, green",28428
2014,Yield,Buckwheat,10641
2014,Yield,Cabbages,397237
2014,Yield,Cantaloupes and other melons,267697
2014,Yield,Carrots and turnips,416365
2014,Yield,Cauliflowers and broccoli,187164
2014,Yield,Cherries,90868
2014,Yield,"Chick peas, dry",14839
2014,Yield,"Chillies and peppers, green (Capsicum spp. and Pimenta spp.)",358062
2014,Yield,"Coffee, green",9068
2014,Yield,"Cow peas, dry",17903
2014,Yield,Cranberries,231904
2014,Yield,Cucumbers and gherkins,162005
2014,Yield,Dates,74870
2014,Yield,Eggplants (aubergines),379511
2014,Yield,Figs,106954
2014,Yield,"Ginger, raw",336631
2014,Yield,Grapes,170855
2014,Yield,Green corn (maize),162780
2014,Yield,Green garlic,182191
2014,Yield,"Groundnuts, excluding shelled",43975
2014,Yield,"Hazelnuts, in shell",26900
2014,Yield,"Hen eggs in shell, fresh",164080
2014,Yield,Hop cones,20934
2014,Yield/Carcass Weight,"Horse meat, fresh or chilled",2523
2014,Yield,Kiwi fruit,155847
2014,Yield,Lemons and limes,340184
2014,Yield,"Lentils, dry",14914
2014,Yield,Lettuce and chicory,353519
2014,Yield,Linseed,13234
2014,Yield,Maize (corn),107326
2014,Yield,"Mangoes, guavas and mangosteens",201481
2014,Yield/Carcass Weight,"Meat of cattle with the bone, fresh or chilled",3791
2014,Yield/Carcass Weight,"Meat of chickens, fresh or chilled",20450
2014,Yield/Carcass Weight,"Meat of ducks, fresh or chilled",22527
2014,Yield/Carcass Weight,"Meat of goat, fresh or chilled",147
2014,Yield/Carcass Weight,"Meat of pig with the bone, fresh or chilled",969
2014,Yield/Carcass Weight,"Meat of sheep, fresh or chilled",303
2014,Yield/Carcass Weight,"Meat of turkeys, fresh or chilled",110335
2014,Yield,Millet,17572
2014,Yield,Mustard seed,10420
2014,Yield,Oats,24338
2014,Yield,Okra,78997
2014,Yield,Olives,57559
2014,Yield,"Onions and shallots, dry (excluding dehydrated)",559495
2014,Yield,Oranges,256368
2014,Yield,"Other beans, green",40712
2014,Yield,Other berries and fruits of the genus vaccinium n.e.c.,81580
2014,Yield,"Other citrus fruit, n.e.c.",249053
2014,Yield,"Other fruits, n.e.c.",192750
2014,Yield,"Other nuts (excluding wild edible nuts and groundnuts), in shell, n.e.c.",21627
2014,Yield,"Other vegetables, fresh n.e.c.",713375
2014,Yield,Papayas,176359
2014,Yield,Peaches and nectarines,189712
2014,Yield,Pears,378134
2014,Yield,"Peas, dry",21376
2014,Yield,"Peas, green",43359
2014,Yield,Pineapples,282258
2014,Yield,"Pistachios, in shell",26068
2014,Yield,Plums and sloes,147853
2014,Yield,Pomelos and grapefruits,337702
2014,Yield,Potatoes,471507
2014,Yield,"Pumpkins, squash and gourds",241257
2014,Yield,Rape or colza seed,18085
2014,Yield,Raspberries,130827
2014,Yield,Raw hides and skins of cattle,346
2014,Yield,Raw hides and skins of goats or kids,28
2014,Yield,Raw hides and skins of sheep or lambs,32
2014,Yield,Raw milk of cattle,100966
2014,Yield,Raw milk of goats,1010
2014,Yield,Rice,84919
2014,Yield,Rye,17490
2014,Yield,Safflower seed,13740
2014,Yield,"Seed cotton, unginned",25886
2014,Yield,Sorghum,42417
2014,Yield,Sour cherries,90085
2014,Yield,Soya beans,31977
2014,Yield,Spinach,185697
2014,Yield,Strawberries,565836
2014,Yield,String beans,85396
2014,Yield,Sugar beet,611797
2014,Yield,Sugar cane,785279
2014,Yield,Sunflower seed,16470
2014,Yield,Sweet potatoes,245277
2014,Yield,"Tangerines, mandarins, clementines",280501
2014,Yield,Taro,98000
2014,Yield,Tomatoes,971661
2014,Yield,Unmanufactured tobacco,25963
2014,Yield,"Walnuts, in shell",44138
2014,Yield,Watermelons,334838
2014,Yield,Wheat,29378
2015,Yield,"Almonds, in shell",38580
2015,Yield,Apples,347767
2015,Yield,Apricots,97072
2015,Yield,Artichokes,151418
2015,Yield,Asparagus,36390
2015,Yield,Avocados,86599
2015,Yield,Bananas,161994
2015,Yield,Barley,37083
2015,Yield,"Beans, dry",19729
2015,Yield,Blueberries,69881
2015,Yield,"Broad beans and horse beans, green",27902
2015,Yield,Buckwheat,10510
2015,Yield,Cabbages,379913
2015,Yield,Cantaloupes and other melons,291944
2015,Yield,Carrots and turnips,414167
2015,Yield,Cauliflowers and broccoli,197298
2015,Yield,Cherries,84447
2015,Yield,"Chick peas, dry",13924
2015,Yield,"Chillies and peppers, green (Capsicum spp. and Pimenta spp.)",350849
2015,Yield,"Coffee, green",8566
2015,Yield,"Cow peas, dry",17991
2015,Yield,Cranberries,234661
2015,Yield,Cucumbers and gherkins,158717
2015,Yield,Dates,85666
2015,Yield,Eggplants (aubergines),386055
2015,Yield,Figs,111042
2015,Yield,"Ginger, raw",335079
2015,Yield,Grapes,168279
2015,Yield,Green corn (maize),216208
2015,Yield,Green garlic,181824
2015,Yield,"Groundnuts, excluding shelled",44423
2015,Yield,"Hazelnuts, in shell",20440
2015,Yield,"Hen eggs in shell, fresh",163625
2015,Yield,Hop cones,20254
2015,Yield/Carcass Weight,"Horse meat, fresh or chilled",2542
2015,Yield,Kiwi fruit,120000
2015,Yield,Lemons and limes,366443
2015,Yield,"Lentils, dry",12424
2015,Yield,Lettuce and chicory,359216
2015,Yield,Linseed,13895
2015,Yield,Maize (corn),105723
2015,Yield,"Mangoes, guavas and mangosteens",207787
2015,Yield/Carcass Weight,"Meat of cattle with the bone, fresh or chilled",3689
2015,Yield/Carcass Weight,"Meat of chickens, fresh or chilled",20858
2015,Yield/Carcass Weight,"Meat of ducks, fresh or chilled",22486
2015,Yield/Carcass Weight,"Meat of goat, fresh or chilled",147
2015,Yield/Carcass Weight,"Meat of pig with the bone, fresh or chilled",963
2015,Yield/Carcass Weight,"Meat of sheep, fresh or chilled",304
2015,Yield/Carcass Weight,"Meat of turkeys, fresh or chilled",109826
2015,Yield,Millet,18983
2015,Yield,Mustard seed,7523
2015,Yield,Oats,25168
2015,Yield,Okra,78634
2015,Yield,Olives,111455
2015,Yield,"Onions and shallots, dry (excluding dehydrated)",631237
2015,Yield,Oranges,247290
2015,Yield,"Other beans, green",47282
2015,Yield,Other berries and fruits of the genus vaccinium n.e.c.,81591
2015,Yield,"Other citrus fruit, n.e.c.",224959
2015,Yield,"Other fruits, n.e.c.",172037
2015,Yield,"Other nuts (excluding wild edible nuts and groundnuts), in shell, n.e.c.",15095
2015,Yield,"Other vegetables, fresh n.e.c.",692326
2015,Yield,Papayas,204745
2015,Yield,Peaches and nectarines,189487
2015,Yield,Pears,375837
2015,Yield,"Peas, dry",18915
2015,Yield,"Peas, green",87407
2015,Yield,Pineapples,282827
2015,Yield,"Pistachios, in shell",12988
2015,Yield,Plums and sloes,159809
2015,Yield,Pomelos and grapefruits,303062
2015,Yield,Potatoes,469000
2015,Yield,"Pumpkins, squash and gourds",190919
2015,Yield,Rape or colza seed,18818
2015,Yield,Raspberries,145075
2015,Yield,Raw hides and skins of cattle,337
2015,Yield,Raw hides and skins of goats or kids,28
2015,Yield,Raw hides and skins of sheep or lambs,32
2015,Yield,Raw milk of cattle,101665
2015,Yield,Raw milk of goats,1008
2015,Yield,Rice,83722
2015,Yield,Rye,20043
2015,Yield,Safflower seed,15092
2015,Yield,"Seed cotton, unginned",25917
2015,Yield,Sorghum,47709
2015,Yield,Sour cherries,74410
2015,Yield,Soya beans,32289
2015,Yield,Spinach,175598
2015,Yield,Strawberries,592370
2015,Yield,String beans,93783
2015,Yield,Sugar beet,692254
2015,Yield,Sugar cane,811535
2015,Yield,Sunflower seed,18212
2015,Yield,Sweet potatoes,227059
2015,Yield,"Tangerines, mandarins, clementines",305105
2015,Yield,Taro,113571
2015,Yield,Tomatoes,894615
2015,Yield,Unmanufactured tobacco,24527
2015,Yield,"Walnuts, in shell",45282
2015,Yield,Watermelons,341403
2015,Yield,Wheat,29299
2016,Yield,"Almonds, in shell",41213
2016,Yield,Apples,391856
2016,Yield,Apricots,130584
2016,Yield,Artichokes,162618
2016,Yield,Asparagus,36050
2016,Yield,Avocados,53635
2016,Yield,Bananas,115204
2016,Yield,Barley,41931
2016,Yield,"Beans, dry",20648
2016,Yield,Blueberries,71697
2016,Yield,"Broad beans and horse beans, green",29046
2016,Yield,Buckwheat,10456
2016,Yield,Cabbages,438013
2016,Yield,Cantaloupes and other melons,300469
2016,Yield,Carrots and turnips,459075
2016,Yield,Cauliflowers and broccoli,193669
2016,Yield,Cherries,86902
2016,Yield,"Chick peas, dry",19079
2016,Yield,"Chillies and peppers, green (Capsicum spp. and Pimenta spp.)",338497
2016,Yield,"Coffee, green",6926
2016,Yield,"Cow peas, dry",18162
2016,Yield,Cranberries,260029
2016,Yield,Cucumbers and gherkins,169262
2016,Yield,Dates,68047
2016,Yield,Eggplants (aubergines),369320
2016,Yield,Figs,112776
2016,Yield,"Ginger, raw",347440
2016,Yield,Grapes,170904
2016,Yield,Green corn (maize),170175
2016,Yield,Green garlic,168128
2016,Yield,"Groundnuts, excluding shelled",40730
2016,Yield,"Hazelnuts, in shell",26659
2016,Yield,"Hen eggs in shell, fresh",165498
2016,Yield,Hop cones,19205
2016,Yield/Carcass Weight,"Horse meat, fresh or chilled",2554
2016,Yield,Kiwi fruit,171133
2016,Yield,Lemons and limes,371759
2016,Yield,"Lentils, dry",15846
2016,Yield,Lettuce and chicory,365324
2016,Yield,Linseed,15905
2016,Yield,Maize (corn),117433
2016,Yield,"Mangoes, guavas and mangosteens",211927
2016,Yield/Carcass Weight,"Meat of cattle with the bone, fresh or chilled",3690
2016,Yield/Carcass Weight,"Meat of chickens, fresh or chilled",21000
2016,Yield/Carcass Weight,"Meat of ducks, fresh or chilled",22594
2016,Yield/Carcass Weight,"Meat of goat, fresh or chilled",147
2016,Yield/Carcass Weight,"Meat of pig with the bone, fresh or chilled",957
2016,Yield/Carcass Weight,"Meat of sheep, fresh or chilled",302
2016,Yield/Carcass Weight,"Meat of turkeys, fresh or chilled",111529
2016,Yield,Millet,20448
2016,Yield,Mustard seed,10989
2016,Yield,Oats,23677
2016,Yield,Okra,78450
2016,Yield,Olives,99927
2016,Yield,"Onions and shallots, dry (excluding dehydrated)",635033
2016,Yield,Oranges,247510
2016,Yield,"Other beans, green",33480
2016,Yield,Other berries and fruits of the genus vaccinium n.e.c.,81826
2016,Yield,"Other citrus fruit, n.e.c.",161683
2016,Yield,"Other fruits, n.e.c.",207491
2016,Yield,"Other nuts (excluding wild edible nuts and groundnuts), in shell, n.e.c.",7652
2016,Yield,"Other vegetables, fresh n.e.c.",661752
2016,Yield,Papayas,316714
2016,Yield,Peaches and nectarines,190715
2016,Yield,Pears,365599
2016,Yield,"Peas, dry",23382
2016,Yield,"Peas, green",49661
2016,Yield,Pineapples,283914
2016,Yield,"Pistachios, in shell",42044
2016,Yield,Plums and sloes,99164
2016,Yield,Pomelos and grapefruits,280829
2016,Yield,Potatoes,486408
2016,Yield,"Pumpkins, squash and gourds",258137
2016,Yield,Rape or colza seed,20461
2016,Yield,Raspberries,146161
2016,Yield,Raw hides and skins of cattle,337
2016,Yield,Raw hides and skins of goats or kids,28
2016,Yield,Raw hides and skins of sheep or lambs,32
2016,Yield,Raw milk of cattle,103482
2016,Yield,Raw milk of goats,1010
2016,Yield,Rice,81121
2016,Yield,Rye,17458
2016,Yield,Safflower seed,16047
2016,Yield,"Seed cotton, unginned",26206
2016,Yield,Sorghum,48912
2016,Yield,Sour cherries,96085
2016,Yield,Soya beans,34936
2016,Yield,Spinach,166107
2016,Yield,Strawberries,617277
2016,Yield,String beans,94647
2016,Yield,Sugar beet,734763
2016,Yield,Sugar cane,797242
2016,Yield,Sunflower seed,19400
2016,Yield,Sweet potatoes,216525
2016,Yield,"Tangerines, mandarins, clementines",320931
2016,Yield,Taro,122308
2016,Yield,Tomatoes,911398
2016,Yield,Unmanufactured tobacco,22045
2016,Yield,"Walnuts, in shell",49031
2016,Yield,Watermelons,396338
2016,Yield,Wheat,35408
2017,Yield,"Almonds, in shell",41188
2017,Yield,Apples,394569
2017,Yield,Apricots,90613
2017,Yield,Artichokes,145697
2017,Yield,Asparagus,35855
2017,Yield,Avocados,72359
2017,Yield,Bananas,79474
2017,Yield,Barley,39283
2017,Yield,"Beans, dry",23072
2017,Yield,Blueberries,69281
2017,Yield,"Broad beans and horse beans, green",28184
2017,Yield,Buckwheat,10472
2017,Yield,Cabbages,440682
2017,Yield,Cantaloupes and other melons,280914
2017,Yield,Carrots and turnips,457741
2017,Yield,Cauliflowers and broccoli,189320
2017,Yield,Cherries,106049
2017,Yield,"Chick peas, dry",12946
2017,Yield,"Chillies and peppers, green (Capsicum spp. and Pimenta spp.)",341374
2017,Yield,"Coffee, green",7560
2017,Yield,"Cow peas, dry",17013
2017,Yield,Cranberries,235905
2017,Yield,Cucumbers and gherkins,180871
2017,Yield,Dates,72509
2017,Yield,Eggplants (aubergines),379037
2017,Yield,Figs,104428
2017,Yield,"Ginger, raw",339739
2017,Yield,Grapes,165887
2017,Yield,Green corn (maize),182497
2017,Yield,Green garlic,173790
2017,Yield,"Groundnuts, excluding shelled",44916
2017,Yield,"Hazelnuts, in shell",17931
2017,Yield,"Hen eggs in shell, fresh",166891
2017,Yield,Hop cones,21927
2017,Yield/Carcass Weight,"Horse meat, fresh or chilled",2557
2017,Yield,Kiwi fruit,208767
2017,Yield,Lemons and limes,364197
2017,Yield,"Lentils, dry",8206
2017,Yield,Lettuce and chicory,342429
2017,Yield,Linseed,8865
2017,Yield,Maize (corn),110837
2017,Yield,"Mangoes, guavas and mangosteens",208183
2017,Yield/Carcass Weight,"Meat of cattle with the bone, fresh or chilled",3639
2017,Yield/Carcass Weight,"Meat of chickens, fresh or chilled",21148
2017,Yield/Carcass Weight,"Meat of ducks, fresh or chilled",22880
2017,Yield/Carcass Weight,"Meat of goat, fresh or chilled",147
2017,Yield/Carcass Weight,"Meat of pig with the bone, fresh or chilled",957
2017,Yield/Carcass Weight,"Meat of sheep, fresh or chilled",300
2017,Yield/Carcass Weight,"Meat of turkeys, fresh or chilled",112245
2017,Yield,Millet,20705
2017,Yield,Mustard seed,6910
2017,Yield,Oats,22120
2017,Yield,Okra,78463
2017,Yield,Olives,107752
2017,Yield,"Onions and shallots, dry (excluding dehydrated)",609542
2017,Yield,Oranges,216225
2017,Yield,"Other beans, green",31221
2017,Yield,Other berries and fruits of the genus vaccinium n.e.c.,82585
2017,Yield,"Other citrus fruit, n.e.c.",208333
2017,Yield,"Other fruits, n.e.c.",191887
2017,Yield,"Other nuts (excluding wild edible nuts and groundnuts), in shell, n.e.c.",9402
2017,Yield,"Other vegetables, fresh n.e.c.",550919
2017,Yield,Papayas,258000
2017,Yield,Peaches and nectarines,173375
2017,Yield,Pears,357754
2017,Yield,"Peas, dry",15131
2017,Yield,"Peas, green",50256
2017,Yield,Pineapples,282993
2017,Yield,"Pistachios, in shell",26914
2017,Yield,Plums and sloes,165671
2017,Yield,Pomelos and grapefruits,262525
2017,Yield,Potatoes,483887
2017,Yield,"Pumpkins, squash and gourds",246796
2017,Yield,Rape or colza seed,17123
2017,Yield,Raspberries,127277
2017,Yield,Raw hides and skins of cattle,332
2017,Yield,Raw hides and skins of goats or kids,28
2017,Yield,Raw hides and skins of sheep or lambs,32
2017,Yield,Raw milk of cattle,104351
2017,Yield,Raw milk of goats,1009
2017,Yield,Rice,84147
2017,Yield,Rye,21449
2017,Yield,Safflower seed,13587
2017,Yield,"Seed cotton, unginned",26713
2017,Yield,Sorghum,45031
2017,Yield,Sour cherries,82365
2017,Yield,Soya beans,33133
2017,Yield,Spinach,140097
2017,Yield,Strawberries,573214
2017,Yield,String beans,95530
2017,Yield,Sugar beet,710810
2017,Yield,Sugar cane,824123
2017,Yield,Sunflower seed,17964
2017,Yield,Sweet potatoes,250796
2017,Yield,"Tangerines, mandarins, clementines",337243
2017,Yield,Taro,119286
2017,Yield,Tomatoes,886480
2017,Yield,Unmanufactured tobacco,24759
2017,Yield,"Walnuts, in shell",42158
2017,Yield,Watermelons,421882
2017,Yield,Wheat,31175
2018,Yield,"Almonds, in shell",39024
2018,Yield,Apples,394965
2018,Yield,Apricots,83636
2018,Yield,Artichokes,162543
2018,Yield,Asparagus,40387
2018,Yield,Avocados,77628
2018,Yield,Bananas,83250
2018,Yield,Barley,41674
2018,Yield,"Beans, dry",23774
2018,Yield,Blueberries,65230
2018,Yield,"Broad beans and horse beans, green",27252
2018,Yield,Buckwheat,10506
2018,Yield,Cabbages,403413
2018,Yield,Cantaloupes and other melons,282934
2018,Yield,Carrots and turnips,463819
2018,Yield,Cauliflowers and broccoli,188990
2018,Yield,Cherries,90823
2018,Yield,"Chick peas, dry",16931
2018,Yield,"Chillies and peppers, green (Capsicum spp. and Pimenta spp.)",323564
2018,Yield,"Coffee, green",8676
2018,Yield,"Cow peas, dry",19793
2018,Yield,Cranberries,254642
2018,Yield,Cucumbers and gherkins,156154
2018,Yield,Dates,61351
2018,Yield,Eggplants (aubergines),378115
2018,Yield,Figs,108416
2018,Yield,"Ginger, raw",352006
2018,Yield,Grapes,181729
2018,Yield,Green corn (maize),173672
2018,Yield,Green garlic,215157
2018,Yield,"Groundnuts, excluding shelled",44849
2018,Yield,"Hazelnuts, in shell",25980
2018,Yield,"Hen eggs in shell, fresh",165571
2018,Yield,Hop cones,21774
2018,Yield/Carcass Weight,"Horse meat, fresh or chilled",2542
2018,Yield,Kiwi fruit,217025
2018,Yield,Lemons and limes,366673
2018,Yield,"Lentils, dry",13126
2018,Yield,Lettuce and chicory,316008
2018,Yield,Linseed,14157
2018,Yield,Maize (corn),110746
2018,Yield,"Mangoes, guavas and mangosteens",209743
2018,Yield/Carcass Weight,"Meat of cattle with the bone, fresh or chilled",3636
2018,Yield/Carcass Weight,"Meat of chickens, fresh or chilled",21360
2018,Yield/Carcass Weight,"Meat of ducks, fresh or chilled",23123
2018,Yield/Carcass Weight,"Meat of goat, fresh or chilled",147
2018,Yield/Carcass Weight,"Meat of pig with the bone, fresh or chilled",959
2018,Yield/Carcass Weight,"Meat of sheep, fresh or chilled",304
2018,Yield/Carcass Weight,"Meat of turkeys, fresh or chilled",112567
2018,Yield,Millet,16662
2018,Yield,Mustard seed,8401
2018,Yield,Oats,23274
2018,Yield,Okra,79138
2018,Yield,Olives,32036
2018,Yield,"Onions and shallots, dry (excluding dehydrated)",623348
2018,Yield,Oranges,168816
2018,Yield,"Other beans, green",32175
2018,Yield,Other berries and fruits of the genus vaccinium n.e.c.,79624
2018,Yield,"Other citrus fruit, n.e.c.",213864
2018,Yield,"Other fruits, n.e.c.",191554
2018,Yield,"Other nuts (excluding wild edible nuts and groundnuts), in shell, n.e.c.",7271
2018,Yield,"Other vegetables, fresh n.e.c.",650172
2018,Yield,Papayas,147500
2018,Yield,Peaches and nectarines,195084
2018,Yield,Pears,389936
2018,Yield,"Peas, dry",22099
2018,Yield,"Peas, green",43361
2018,Yield,Pineapples,283251
2018,Yield,"Pistachios, in shell",41904
2018,Yield,Plums and sloes,144472
2018,Yield,Pomelos and grapefruits,208188
2018,Yield,Potatoes,497274
2018,Yield,"Pumpkins, squash and gourds",262046
2018,Yield,Rape or colza seed,20851
2018,Yield,Raspberries,145102
2018,Yield,Raw hides and skins of cattle,332
2018,Yield,Raw hides and skins of goats or kids,28
2018,Yield,Raw hides and skins of sheep or lambs,32
2018,Yield,Raw milk of cattle,104629
2018,Yield,Raw milk of goats,1009
2018,Yield,Rice,86213
2018,Yield,Rye,19386
2018,Yield,Safflower seed,16944
2018,Yield,"Seed cotton, unginned",26914
2018,Yield,Sorghum,45266
2018,Yield,Sour cherries,95021
2018,Yield,Soya beans,33997
2018,Yield,Spinach,154684
2018,Yield,Strawberries,600340
2018,Yield,String beans,89035
2018,Yield,Sugar beet,680481
2018,Yield,Sugar cane,860642
2018,Yield,Sunflower seed,19399
2018,Yield,Sweet potatoes,212500
2018,Yield,"Tangerines, mandarins, clementines",252818
2018,Yield,Taro,103846
2018,Yield,Tomatoes,968227
2018,Yield,Unmanufactured tobacco,20508
2018,Yield,"Walnuts, in shell",43489
2018,Yield,Watermelons,392851
2018,Yield,Wheat,32005
2019,Yield,"Almonds, in shell",40064
2019,Yield,Apples,421498
2019,Yield,Apricots,119948
2019,Yield,Artichokes,162524
2019,Yield,Asparagus,40823
2019,Yield,Avocados,57279
2019,Yield,Bananas,108046
2019,Yield,Barley,41785
2019,Yield,"Beans, dry",19768
2019,Yield,Blueberries,71911
2019,Yield,"Broad beans and horse beans, green",28288
2019,Yield,Buckwheat,10541
2019,Yield,Cabbages,412692
2019,Yield,Cantaloupes and other melons,267752
2019,Yield,Carrots and turnips,517620
2019,Yield,Cauliflowers and broccoli,199022
2019,Yield,Cherries,92448
2019,Yield,"Chick peas, dry",15418
2019,Yield,"Chillies and peppers, green (Capsicum spp. and Pimenta spp.)",312836
2019,Yield,"Coffee, green",8309
2019,Yield,"Cow peas, dry",22252
2019,Yield,Cranberries,230494
2019,Yield,Cucumbers and gherkins,164308
2019,Yield,Dates,89377
2019,Yield,Eggplants (aubergines),375513
2019,Yield,Figs,112985
2019,Yield,"Ginger, raw",346407
2019,Yield,Grapes,166893
2019,Yield,Green corn (maize),180639
2019,Yield,Green garlic,173732
2019,Yield,"Groundnuts, excluding shelled",44089
2019,Yield,"Hazelnuts, in shell",20173
2019,Yield,"Hen eggs in shell, fresh",168162
2019,Yield,Hop cones,22212
2019,Yield/Carcass Weight,"Horse meat, fresh or chilled",2542
2019,Yield,Kiwi fruit,190618
2019,Yield,Lemons and limes,398967
2019,Yield,"Lentils, dry",14012
2019,Yield,Lettuce and chicory,351380
2019,Yield,Linseed,12432
2019,Yield,Maize (corn),105104
2019,Yield,"Mangoes, guavas and mangosteens",206648
2019,Yield/Carcass Weight,"Meat of cattle with the bone, fresh or chilled",3614
2019,Yield/Carcass Weight,"Meat of chickens, fresh or chilled",21626
2019,Yield/Carcass Weight,"Meat of ducks, fresh or chilled",19662
2019,Yield/Carcass Weight,"Meat of goat, fresh or chilled",147
2019,Yield/Carcass Weight,"Meat of pig with the bone, fresh or chilled",965
2019,Yield/Carcass Weight,"Meat of sheep, fresh or chilled",288
2019,Yield/Carcass Weight,"Meat of turkeys, fresh or chilled",116153
2019,Yield,Millet,20016
2019,Yield,Mustard seed,7919
2019,Yield,Oats,23070
2019,Yield,Okra,79711
2019,Yield,Olives,100099
2019,Yield,"Onions and shallots, dry (excluding dehydrated)",605402
2019,Yield,Oranges,238730
2019,Yield,"Other beans, green",32657
2019,Yield,Other berries and fruits of the genus vaccinium n.e.c.,80011
2019,Yield,"Other citrus fruit, n.e.c.",207777
2019,Yield,"Other fruits, n.e.c.",197147
2019,Yield,"Other nuts (excluding wild edible nuts and groundnuts), in shell, n.e.c.",8066
2019,Yield,"Other vegetables, fresh n.e.c.",627658
2019,Yield,Papayas,190869
2019,Yield,Peaches and nectarines,203620
2019,Yield,Pears,360183
2019,Yield,"Peas, dry",23809
2019,Yield,"Peas, green",44078
2019,Yield,Pineapples,283387
2019,Yield,"Pistachios, in shell",24428
2019,Yield,Plums and sloes,139732
2019,Yield,Pomelos and grapefruits,272431
2019,Yield,Potatoes,507522
2019,Yield,"Pumpkins, squash and gourds",219866
2019,Yield,Rape or colza seed,19985
2019,Yield,Raspberries,143861
2019,Yield,Raw hides and skins of cattle,330
2019,Yield,Raw hides and skins of goats or kids,28
2019,Yield,Raw hides and skins of sheep or lambs,31
2019,Yield,Raw milk of cattle,105933
2019,Yield,Raw milk of goats,1010
2019,Yield,Rice,83759
2019,Yield,Rye,21507
2019,Yield,Safflower seed,14272
2019,Yield,"Seed cotton, unginned",27216
2019,Yield,Sorghum,45845
2019,Yield,Sour cherries,86484
2019,Yield,Soya beans,31875
2019,Yield,Spinach,162232
2019,Yield,Strawberries,588125
2019,Yield,String beans,98286
2019,Yield,Sugar beet,655275
2019,Yield,Sugar cane,783980
2019,Yield,Sunflower seed,17490
2019,Yield,Sweet potatoes,244284
2019,Yield,"Tangerines, mandarins, clementines",343230
2019,Yield,Taro,103437
2019,Yield,Tomatoes,980384
2019,Yield,Unmanufactured tobacco,23094
2019,Yield,"Walnuts, in shell",40228
2019,Yield,Watermelons,407637
2019,Yield,Wheat,34746
2020,Yield,"Almonds, in shell",46358
2020,Yield,Apples,389718
2020,Yield,Apricots,82710
2020,Yield,Artichokes,168120
2020,Yield,Asparagus,38808
2020,Yield,Avocados,87852
2020,Yield,Bananas,97117
2020,Yield,Barley,41508
2020,Yield,"Beans, dry",22007
2020,Yield,Blueberries,66695
2020,Yield,"Broad beans and horse beans, green",27929
2020,Yield,Buckwheat,10565
2020,Yield,Cabbages,455428
2020,Yield,Cantaloupes and other melons,339398
2020,Yield,Carrots and turnips,498134
2020,Yield,Cauliflowers and broccoli,195175
2020,Yield,Cherries,85735
2020,Yield,"Chick peas, dry",18264
2020,Yield,"Chillies and peppers, green (Capsicum spp. and Pimenta spp.)",317726
2020,Yield,"Coffee, green",7122
2020,Yield,"Cow peas, dry",21066
2020,Yield,Cranberries,223254
2020,Yield,Cucumbers and gherkins,153189
2020,Yield,Dates,85049
2020,Yield,Eggplants (aubergines),377560
2020,Yield,Figs,113028
2020,Yield,"Ginger, raw",346061
2020,Yield,Grapes,146376
2020,Yield,Green corn (maize),181881
2020,Yield,Green garlic,168128
2020,Yield,"Groundnuts, excluding shelled",42734
2020,Yield,"Hazelnuts, in shell",23088
2020,Yield,"Hen eggs in shell, fresh",170251
2020,Yield,Hop cones,19844
2020,Yield/Carcass Weight,"Horse meat, fresh or chilled",2542
2020,Yield,Kiwi fruit,203876
2020,Yield,Lemons and limes,424085
2020,Yield,"Lentils, dry",16259
2020,Yield,Lettuce and chicory,362241
2020,Yield,Linseed,12100
2020,Yield,Maize (corn),107605
2020,Yield,"Mangoes, guavas and mangosteens",217633
2020,Yield/Carcass Weight,"Meat of cattle with the bone, fresh or chilled",3713
2020,Yield/Carcass Weight,"Meat of chickens, fresh or chilled",21949
2020,Yield/Carcass Weight,"Meat of ducks, fresh or chilled",19067
2020,Yield/Carcass Weight,"Meat of goat, fresh or chilled",147
2020,Yield/Carcass Weight,"Meat of pig with the bone, fresh or chilled",976
2020,Yield/Carcass Weight,"Meat of sheep, fresh or chilled",280
2020,Yield/Carcass Weight,"Meat of turkeys, fresh or chilled",117063
2020,Yield,Millet,10540
2020,Yield,Mustard seed,10027
2020,Yield,Oats,23352
2020,Yield,Okra,80023
2020,Yield,Olives,42158
2020,Yield,"Onions and shallots, dry (excluding dehydrated)",628986
2020,Yield,Oranges,233826
2020,Yield,"Other beans, green",33562
2020,Yield,Other berries and fruits of the genus vaccinium n.e.c.,80727
2020,Yield,"Other citrus fruit, n.e.c.",206756
2020,Yield,"Other fruits, n.e.c.",193551
2020,Yield,"Other nuts (excluding wild edible nuts and groundnuts), in shell, n.e.c.",9072
2020,Yield,"Other vegetables, fresh n.e.c.",627674
2020,Yield,Papayas,154853
2020,Yield,Peaches and nectarines,193960
2020,Yield,Pears,338824
2020,Yield,"Peas, dry",24992
2020,Yield,"Peas, green",46495
2020,Yield,Pineapples,283210
2020,Yield,"Pistachios, in shell",31486
2020,Yield,Plums and sloes,114402
2020,Yield,Pomelos and grapefruits,275375
2020,Yield,Potatoes,516365
2020,Yield,"Pumpkins, squash and gourds",209008
2020,Yield,Rape or colza seed,21651
2020,Yield,Raspberries,147222
2020,Yield,Raw hides and skins of cattle,339
2020,Yield,Raw hides and skins of goats or kids,28
2020,Yield,Raw hides and skins of sheep or lambs,30
2020,Yield,Raw milk of cattle,108419
2020,Yield,Raw milk of goats,1008
2020,Yield,Rice,85401
2020,Yield,Rye,21934
2020,Yield,Safflower seed,13279
2020,Yield,"Seed cotton, unginned",27556
2020,Yield,Sorghum,45946
2020,Yield,Sour cherries,49972
2020,Yield,Soya beans,34327
2020,Yield,Spinach,137829
2020,Yield,Strawberries,642858
2020,Yield,String beans,92303
2020,Yield,Sugar beet,659853
2020,Yield,Sugar cane,854005
2020,Yield,Sunflower seed,20072
2020,Yield,Sweet potatoes,217443
2020,Yield,"Tangerines, mandarins, clementines",286348
2020,Yield,Taro,111620
2020,Yield,Tomatoes,990502
2020,Yield,Unmanufactured tobacco,21868
2020,Yield,"Walnuts, in shell",46604
2020,Yield,Watermelons,407948
2020,Yield,Wheat,33417
2021,Yield,"Almonds, in shell",40979
2021,Yield,Apples,380379
2021,Yield,Apricots,125273
2021,Yield,Artichokes,190540
2021,Yield,Asparagus,40006
2021,Yield,Avocados,65184
2021,Yield,Bananas,90375
2021,Yield,Barley,32499
2021,Yield,"Beans, dry",19059
2021,Yield,Blueberries,72065
2021,Yield,"Broad beans and horse beans, green",27727
2021,Yield,Buckwheat,10589
2021,Yield,Cabbages,415965
2021,Yield,Cantaloupes and other melons,315302
2021,Yield,Carrots and turnips,497237
2021,Yield,Cauliflowers and broccoli,163531
2021,Yield,Cherries,100360
2021,Yield,"Chick peas, dry",9136
2021,Yield,"Chillies and peppers, green (Capsicum spp. and Pimenta spp.)",314023
2021,Yield,"Coffee, green",7790
2021,Yield,"Cow peas, dry",20002
2021,Yield,Cranberries,208100
2021,Yield,Cucumbers and gherkins,178222
2021,Yield,Dates,85427
2021,Yield,Eggplants (aubergines),377061
2021,Yield,Figs,114041
2021,Yield,"Ginger, raw",348160
2021,Yield,Grapes,150024
2021,Yield,Green corn (maize),181352
2021,Yield,Green garlic,179332
2021,Yield,"Groundnuts, excluding shelled",46352
2021,Yield,"Hazelnuts, in shell",28482
2021,Yield,"Hen eggs in shell, fresh",171055
2021,Yield,Hop cones,21295
2021,Yield/Carcass Weight,"Horse meat, fresh or chilled",2542
2021,Yield,Kiwi fruit,199780
2021,Yield,Lemons and limes,345832
2021,Yield,"Lentils, dry",6793
2021,Yield,Lettuce and chicory,323826
2021,Yield,Linseed,6342
2021,Yield,Maize (corn),111109
2021,Yield,"Mangoes, guavas and mangosteens",211232
2021,Yield/Carcass Weight,"Meat of cattle with the bone, fresh or chilled",3706
2021,Yield/Carcass Weight,"Meat of chickens, fresh or chilled",22147
2021,Yield/Carcass Weight,"Meat of ducks, fresh or chilled",17850
2021,Yield/Carcass Weight,"Meat of goat, fresh or chilled",147
2021,Yield/Carcass Weight,"Meat of pig with the bone, fresh or chilled",973
2021,Yield/Carcass Weight,"Meat of sheep, fresh or chilled",275
2021,Yield/Carcass Weight,"Meat of turkeys, fresh or chilled",117154
2021,Yield,Millet,13017
2021,Yield,Mustard seed,5501
2021,Yield,Oats,21981
2021,Yield,Okra,80341
2021,Yield,Olives,62894
2021,Yield,"Onions and shallots, dry (excluding dehydrated)",560362
2021,Yield,Oranges,201373
2021,Yield,"Other beans, green",33849
2021,Yield,Other berries and fruits of the genus vaccinium n.e.c.,80119
2021,Yield,"Other citrus fruit, n.e.c.",202979
2021,Yield,"Other fruits, n.e.c.",194116
2021,Yield,"Other nuts (excluding wild edible nuts and groundnuts), in shell, n.e.c.",8043
2021,Yield,"Other vegetables, fresh n.e.c.",616483
2021,Yield,Papayas,250206
2021,Yield,Peaches and nectarines,206539
2021,Yield,Pears,377098
2021,Yield,"Peas, dry",11489
2021,Yield,"Peas, green",39227
2021,Yield,Pineapples,283282
2021,Yield,"Pistachios, in shell",31652
2021,Yield,Plums and sloes,137516
2021,Yield,Pomelos and grapefruits,220030
2021,Yield,Potatoes,490727
2021,Yield,"Pumpkins, squash and gourds",235916
2021,Yield,Rape or colza seed,14631
2021,Yield,Raspberries,120080
2021,Yield,Raw hides and skins of cattle,338
2021,Yield,Raw hides and skins of goats or kids,28
2021,Yield,Raw hides and skins of sheep or lambs,29
2021,Yield,Raw milk of cattle,108690
2021,Yield,Raw milk of goats,1012
2021,Yield,Rice,86404
2021,Yield,Rye,20939
2021,Yield,Safflower seed,11223
2021,Yield,"Seed cotton, unginned",27879
2021,Yield,Sorghum,43309
2021,Yield,Sour cherries,63242
2021,Yield,Soya beans,34549
2021,Yield,Spinach,144534
2021,Yield,Strawberries,605787
2021,Yield,String beans,97871
2021,Yield,Sugar beet,743813
2021,Yield,Sugar cane,789781
2021,Yield,Sunflower seed,17149
2021,Yield,Sweet potatoes,211782
2021,Yield,"Tangerines, mandarins, clementines",349911
2021,Yield,Taro,112099
2021,Yield,Tomatoes,959045
2021,Yield,Unmanufactured tobacco,24470
2021,Yield,"Walnuts, in shell",41672
2021,Yield,Watermelons,384989
2021,Yield,Wheat,29782
